ORISPL,Name,Operator,County,SO2,SO2 rank,NOx,NOx rank,CO2,CO2 rank,Heat Input,Gross Load,Location
3,Barry,Alabama Power Company,Mobile,5400.426,87,3848.693,96,4664940.775,120,45467300.95,4684796.5,"AL
(31.0069, -88.0103)"
8,Gorgas,Alabama Power Company,Walker,1489.115,196,5313.15,71,6140953.861,86,59853334.675,5909050,"AL
(33.6446, -87.2003)"
10,Greene County,Alabama Power Company,Greene,5783.18,83,1396.896,190,913832.276,246,11349943.4,1256489,"AL
(32.6017, -87.7811)"
26,E C Gaston,Alabama Power Company,Shelby,3504.814,122,2338.373,136,4981736.725,112,50592959.1,4695306.5,"AL
(33.2442, -86.4567)"
47,Colbert,Tennessee Valley Authority,Colbert,6702.575,75,1977.408,151,961012.989,243,9263674.818,812283.87,"AL
(34.7439, -87.8486)"
50,Widows Creek,Tennessee Valley Authority,Jackson,,,,,,,,,"AL
(34.8825, -85.7547)"
51,Dolet Hills Power Station,Cleco Power LLC,De Soto,16091.324,20,3403.628,110,3750931.255,133,34453126.835,3691455.41,"LA
(32.0306, -93.5692)"
56,Charles R Lowman,"PowerSouth Energy Cooperative, Inc.",Washington,1241.063,211,3380.266,114,1938134.373,203,18890255.266,1697026.01,"AL
(31.4858, -87.9106)"
59,Platte,Grand Island Utilities Dept.,Hall,487.36,265,641.962,270,656432.051,264,6258835.494,556738.33,"NE
(40.8538, -98.3481)"
60,Gerald Whelan Energy Center,Nebraska Municipal Energy Agency and other(s),Adams,2018.996,174,698.85,263,1460359.308,216,13924092.784,1391345.75,"NE
(40.5806, -98.3106)"
87,Escalante ,Tri-State Generation & Transmission,McKinley,898.53,236,2436.673,133,1453830,217,13861860.5,1402342,"NM
(35.4159, -108.082)"
108,Holcomb,Sunflower Electric Power Corporation,Finney,1244.077,210,1669.011,172,1887389.814,205,17995708.423,1755635.05,"KS
(37.9306, -100.9725)"
113,Cholla,Arizona Public Service Company,Navajo,1334.099,206,2735.826,128,3012615.785,158,29362743.448,2725588.13,"AZ
(34.9394, -110.3033)"
126,Irvington Generating Station,Tucson Electric Power Company,Pima,16.357,324,512.498,287,365773.736,295,5947611.499,554489.6,"AZ
(32.16, -110.9047)"
127,Oklaunion Power Station,Public Service Company of Oklahoma,Wilbarger,1529.778,193,4434.736,84,2992097.455,159,28528766.374,2694192.96,"TX
(34.0825, -99.1753)"
130,Cross,Santee Cooper,Berkeley,4603.455,99,3799.338,98,11401304.845,27,111123875.561,10859768.31,"SC
(33.3692, -80.1119)"
136,Seminole (136),"Seminole Electric Cooperative, Inc.",Putnam,5844.173,82,2371.829,134,7679271.668,63,74846722.611,8136661.2,"FL
(29.7333, -81.6339)"
160,Apache Station,Arizona Electric Power Cooperative,Cochise,956.002,226,4746.575,81,2325277.266,187,22880971.332,2216628.23,"AZ
(32.0619, -109.8931)"
165,Grand River Dam Authority,Grand River Dam Authority,Mayes,8987.264,51,2297.149,138,3122705.405,154,29859288.816,2518313.73,"OK
(36.1906, -95.2889)"
207,St. Johns River Power,JEA,Duval,2838.824,136,10258.672,19,5599856.356,100,54621458.802,5325732.56,"FL
(30.4311, -81.5508)"
298,Limestone,"NRG Energy, Inc",Limestone,20801.07,12,8797.234,30,9746760.32,37,89563737.893,9846074.58,"TX
(31.4219, -96.2525)"
384,Joliet 29,"Midwest Generation EME, LLC",Will,2733.804,143,782.532,252,1590855.551,211,17787188.875,1681065.75,"IL
(41.4947, -88.125)"
469,Cherokee,Public Service Company of Colorado,Adams,1900.581,179,3382.027,112,2397497.195,182,23501410.814,2170966.31,"CO
(39.8078, -104.9648)"
470,Comanche (470),Public Service Company of Colorado,Pueblo,3828.149,112,4606.967,82,9653188.391,40,92562835.576,9799091.9,"CO
(38.2081, -104.5747)"
477,Valmont,Public Service Company of Colorado,Boulder,871.493,241,1764.123,165,1104730.255,235,10767351.684,1076051.9,"CO
(40.0195, -105.202)"
492,Martin Drake,Colorado Springs Utilities,El Paso,1622.403,191,1439.487,188,1322867.01,224,12643458.599,1150966.06,"CO
(38.8244, -104.8331)"
508,Lamar,Lamar Utilities Board,Prowers,,,,,,,,,"CO
(38.0921, -102.6148)"
525,Hayden,Public Service Company of Colorado,Routt,1696.693,185,1502.752,183,2896923.359,162,28235130.381,2671217.65,"CO
(40.4856, -107.185)"
527,Nucla,Tri-State Generation & Transmission,Montrose,439.544,272,498.649,289,338683.595,297,3303629.018,248712.09,"CO
(38.2387, -108.5083)"
564,Curtis H. Stanton Energy Center,Orlando Utilities Commission,Orange,2629.449,150,3762.73,99,4415493.248,125,44476481.417,4647883.27,"FL
(28.4836, -81.1686)"
568,Bridgeport Harbor Station,"PSEG Power Connecticut, LLC",Fairfield,238.765,293,153.306,339,242327.339,305,2310510.221,220547.05,"CT
(41.1706, -73.1843)"
594,Indian River,"Indian River Power, LLC",Sussex,462.116,269,204.668,327,527384.463,276,5140207.484,560999.35,"DE
(38.5857, -75.2341)"
602,Brandon Shores,Raven Power Fort Smallwood LLC,Anne Arundel,2718.621,145,2003.502,149,5567269.523,102,54261920.044,5307677.3,"MD
(39.1792, -76.5383)"
628,Crystal River,"Duke Energy Florida, LLC",Citrus,12104.075,33,6089.155,57,10397272.272,33,101338014.598,9768216.74,"FL
(28.9594, -82.7003)"
641,Crist Electric Generating Plant,Gulf Power Company,Escambia,834.995,244,1685.073,169,3415124.599,147,32640199.125,3042746,"FL
(30.5661, -87.2289)"
643,Lansing Smith Generating Plant,Gulf Power Company,Bay,449.514,270,129.018,345,65762.65,319,641181.975,62453,"FL
(30.2689, -85.7003)"
645,Big Bend,Tampa Electric Company,Hillsborough,6213.284,77,3477.902,108,8357753.151,55,83746874.35,7953575,"FL
(27.7944, -82.4036)"
663,Deerhaven,Gainesville Regional Utilities,Alachua,349.48,279,737.574,261,683555.775,260,6664324.65,675939,"FL
(29.7586, -82.3883)"
667,Northside,JEA,Duval,2832.858,137,1114.72,214,4011757.997,130,38223649.907,3827107.01,"FL
(30.4172, -81.5525)"
676,C D McIntosh Jr Power Plant,City of Lakeland - Lakeland Electric,Polk,1270.502,209,1204.653,207,1467616.258,213,14613873.146,1553002.95,"FL
(28.0809, -81.9256)"
703,Bowen,Georgia Power Company,Bartow,10453.378,38,6639.588,50,16850587.5,4,164235801.85,17100563.75,"GA
(34.1256, -84.9192)"
708,Hammond,Georgia Power Company,Floyd,772.476,249,864.883,243,1298407.012,225,12664171.675,1117045,"GA
(34.2533, -85.3456)"
727,Mitchell (GA),Georgia Power Company,Dougherty,,,,,,,,,"GA
(31.4444, -84.1322)"
856,E D Edwards,"Illinois Power Resources Generating, LLC",Peoria,5890.428,80,1762.555,166,2956800.155,160,28192301.753,3027433.78,"IL
(40.5958, -89.6631)"
861,Coffeen,Illinois Power Generating Company,Montgomery,33.336,320,1697.095,168,5093199.613,109,48562150.608,5081875.38,"IL
(39.0586, -89.4031)"
874,Joliet 9,"Midwest Generation EME, LLC",Will,468.012,268,178.22,333,232777.375,307,2511623.075,251533.25,"IL
(41.4947, -88.125)"
876,Kincaid Generating Station,"Kincaid Generation, LLC",Christian,2132.578,170,1478.316,185,5010279.321,110,47771595.706,4734799.81,"IL
(39.5906, -89.4964)"
879,Powerton,"Midwest Generation EME, LLC",Tazewell,8208.639,61,2956.129,118,5790852.862,93,54532487.95,4973692.5,"IL
(40.5408, -89.6786)"
883,Waukegan,"Midwest Generation EME, LLC",Lake,2733.092,144,1029.362,225,2013970.775,201,18923662.2,1907425.5,"IL
(42.3833, -87.8133)"
884,Will County,"Midwest Generation EME, LLC",Will,4506.346,101,1052.205,223,2431213.35,179,22944134.275,2259797,"IL
(41.6334, -88.0626)"
887,Joppa Steam,"Electric Energy, Inc.",Massac,7634.041,67,1895.082,157,3508673.936,144,35325583.968,3458618.57,"IL
(37.2103, -88.8606)"
889,Baldwin Energy Complex,Dynegy Midwest Generation Inc.,Randolph,4019.988,109,4039.285,91,10711656.052,30,102132533.986,10629627.27,"IL
(38.205, -89.855)"
891,Havana,Dynegy Midwest Generation Inc.,Mason,1141.097,215,1188.353,209,3175679.374,151,30279146.082,2671713.25,"IL
(40.2797, -90.0775)"
892,Hennepin Power Station,Dynegy Midwest Generation Inc.,Putnam,4065.33,108,1202.645,208,1731927.93,207,16513450.983,1574913.12,"IL
(41.3017, -89.3136)"
898,Wood River Power Station,Dynegy Midwest Generation Inc.,Madison,2172.074,168,602.849,273,893828.9,249,8522879.823,918595.91,"IL
(38.8639, -90.1325)"
963,Dallman,"City of Springfield, IL",Sangamon,1119.086,216,773.015,255,2148578.599,195,20954720.99,2093531.13,"IL
(39.7539, -89.6011)"
976,Marion,Southern Illinois Power Cooperative,Williamson,3698.195,113,912.079,236,2302441.2,190,21770351.993,1802191.87,"IL
(37.6206, -88.955)"
983,Clifty Creek,Indiana Kentucky Electric Corp,Jefferson,4560.858,100,9355.405,24,5736134.002,95,54692410.525,5563139.63,"IN
(38.7383, -85.4192)"
990,IPL - Harding Street Station (EW Stout),Indianapolis Power & Light Company,Marion,271.298,285,762.765,257,901438.829,248,12194819.778,1144003.26,"IN
(39.7119, -86.1975)"
991,IPL - Eagle Valley Generating Station,Indianapolis Power & Light Company,Morgan,1217.436,213,182.859,332,123066.273,314,1199471.222,122559.35,"IN
(39.4851, -86.4176)"
994,IPL - Petersburg Generating Station,Indianapolis Power & Light Company,Pike,12837.513,29,10813.199,17,10697646.764,31,104265688.27,10273728.77,"IN
(38.5267, -87.2525)"
995,Bailly Generating Station,Northern Indiana Public Service Company,Porter,807.749,247,1342.527,196,2411834.349,180,23507161.815,2133390.96,"IN
(41.6433, -87.1225)"
997,Michigan City Generating Station,Northern Indiana Public Service Company,LaPorte,1901.032,178,815.401,247,1966042.659,202,18745644.963,1874301.96,"IN
(41.7203, -86.9097)"
1001,Cayuga,"Duke Energy Indiana, Inc., Duke Energy Indiana, LLC",Vermillion,2520.612,153,12369.446,10,6557106.427,81,63909409.712,6563154.31,"IN
(39.9239, -87.4272)"
1004,Edwardsport Generating Station,"Duke Energy Indiana, Inc., Duke Energy Indiana, LLC",Knox,58.806,317,761.492,258,2846535.581,164,25038478.037,2753856.41,"IN
(38.8067, -87.2472)"
1008,R Gallagher,"Duke Energy Indiana, Inc., Duke Energy Indiana, LLC",Floyd,1457.345,197,648.546,268,388184.491,290,3783511.422,378991.27,"IN
(38.2636, -85.8381)"
1010,Wabash River Gen Station,"Duke Energy Indiana, Inc., Duke Energy Indiana, LLC",Vigo,6842.788,73,778.787,254,454625.211,283,4431030.476,580096.26,"IN
(39.53, -87.4247)"
1012,F B Culley Generating Station,Southern Indiana Gas and Electric Company,Warrick,1310.812,207,1108.447,215,1517480.628,212,14796643.163,1246536.92,"IN
(37.91, -87.3267)"
1040,Whitewater Valley,Indiana Municipal Power Agency,Wayne,1726.641,183,124.425,346,90809.534,318,885077.524,75455.5,"IN
(39.8028, -84.8953)"
1047,Lansing,Interstate Power & Light Company,Allamakee,245.803,290,224.518,325,1115549.901,234,10642605.88,1001760.24,"IA
(43.3359, -91.1672)"
1073,Prairie Creek,Interstate Power & Light Company,Linn,1208.935,214,896.124,238,674285.561,261,6464935.416,,"IA
(41.9439, -91.6386)"
1082,Walter Scott Jr. Energy Center,MidAmerican Energy Company,Pottawattamie,8974.614,52,5471.882,67,8755389.225,49,83480025.2,9246505.5,"IA
(41.18, -95.8408)"
1091,George Neal North,MidAmerican Energy Company,Woodbury,3290.47,126,2050.022,146,2063689.3,197,19683621.475,2021794,"IA
(42.3251, -96.3797)"
1104,Burlington (IA),Interstate Power & Light Company,Des Moines,3044.107,131,827.071,246,1279514.11,226,12209423.555,1199104.73,"IA
(40.7412, -91.1168)"
1122,Ames,City of Ames,Story,177.131,301,192.79,329,116293.725,315,1260124.725,98423.25,"IA
(42.0247, -93.6069)"
1131,Streeter Station,Cedar Falls Municipal Electric,Black Hawk,5.018,329,16.739,361,6440.394,324,105266.457,7707.66,"IA
(42.5267, -92.4394)"
1167,Muscatine,Muscatine Power and Water,Muscatine,1707.384,184,2695.689,130,1464318.501,214,13961840.129,1218653.26,"IA
(41.3917, -91.0569)"
1241,La Cygne,Kansas City Power & Light Company,Linn,711.58,254,3942.603,94,9362300.072,41,89266760.95,9214500.83,"KS
(38.3472, -94.6389)"
1250,Lawrence Energy Center,"Westar Energy, Inc.",Douglas,260.942,287,1816.545,161,2799291.53,166,26698240.368,2700181.35,"KS
(39.0072, -95.2692)"
1252,Tecumseh Energy Center,"Westar Energy, Inc.",Shawnee,1021.259,224,238.998,321,391655.037,289,3742169.37,333571.82,"KS
(39.0522, -95.5669)"
1355,E W Brown,LGE and KU Energy LLC,Mercer,887.285,239,1896.57,156,2207392.641,191,21514555.005,1997335.28,"KY
(37.7889, -84.7139)"
1356,Ghent,Kentucky Utilities Company,Carroll,10169.347,40,8431.179,32,12145624.221,21,118378401.543,12931381.34,"KY
(38.7497, -85.035)"
1364,Mill Creek,LGE and KU Energy LLC,Jefferson,4335.25,105,6885.557,46,8361459.16,54,81500383.833,8810340.48,"KY
(38.0531, -85.91)"
1374,Elmer Smith,Owensboro Municipal Utilities,Daviess,2448.694,157,3053.667,117,2185615.752,194,21265846.279,2220530.64,"KY
(37.7958, -87.0597)"
1378,Paradise,Tennessee Valley Authority,Muhlenberg,11539.637,35,7580.994,37,11364031.414,28,110760585.35,10875099.39,"KY
(37.2608, -86.9783)"
1379,Shawnee,Tennessee Valley Authority,McCracken,23807.764,7,11002.137,16,8223844.495,58,79272413.774,7301594.38,"KY
(37.1517, -88.775)"
1381,Coleman,Big Rivers Electric Corporation,Hancock,,,,,,,,,"KY
(37.9628, -86.7917)"
1382,HMP&L Station 2,Big Rivers Electric Corporation,Henderson,2198.142,166,1960.817,152,2060432.575,198,20082196.025,1984201,"KY
(37.6472, -87.5028)"
1383,Robert Reid,Big Rivers Electric Corporation,Webster,,,,,,,,,"KY
(37.6467, -87.5033)"
1384,John S. Cooper,East Kentucky Power Cooperative,Pulaski,320.421,281,559.84,283,721551.527,258,7032680.053,715100.27,"KY
(37.0, -84.5917)"
1385,William C. Dale,East Kentucky Power Cooperative,Clark,,,,,,,,,"KY
(37.8807, -84.2634)"
1393,R S Nelson,Entergy Corporation,Calcasieu,8494.607,59,2645.522,132,2826258.324,165,26947536.316,2393356.59,"LA
(30.2861, -93.2917)"
1552,C P Crane,C.P. Crane LLC,Baltimore,1048.669,221,654.233,267,400780.586,286,3821337.36,394627.67,"MD
(39.3269, -76.365)"
1554,Herbert A Wagner,Raven Power Fort Smallwood LLC,Anne Arundel,7734.27,64,446.925,296,1218411.394,228,11875356.765,1237063.75,"MD
(39.1781, -76.5268)"
1571,Chalk Point,"GenOn Chalk Point, LLC",Prince George's,902.357,235,1323.395,197,1625008.384,210,16317301.971,1674570.35,"MD
(38.5444, -76.6861)"
1572,Dickerson,"GenOn Mid-Atlantic, LLC",Montgomery,423.292,273,770.449,256,664118.301,263,6472998.247,660548.24,"MD
(39.2086, -77.4644)"
1573,Morgantown,"GenOn Mid-Atlantic, LLC",Charles,2793.908,140,894.547,239,4793079.214,115,46716242.768,5172420.43,"MD
(38.3592, -76.9767)"
1619,Brayton Point,"Brayton Point Energy, LLC",Bristol,857.584,242,936.45,232,2085844.5,196,20387054.025,2078368.25,"MA
(41.7125, -71.1914)"
1695,B C Cobb,Consumers Energy Company,Muskegon,2712.358,146,643.43,269,593657.844,270,5660362.458,610877.81,"MI
(43.2542, -86.2417)"
1702,Dan E Karn,Consumers Energy Company,Bay,527.379,263,589.084,279,2607353.466,172,24860337.466,2404866.79,"MI
(43.6425, -83.8431)"
1710,J H Campbell,Consumers Energy Company,Ottawa,12849.274,28,2247.077,139,7086391.742,71,67566728.707,6993073.22,"MI
(42.9103, -86.2036)"
1720,J C Weadock,Consumers Energy Company,Bay,1635.311,189,480.002,291,457580.655,282,4362884.875,454172.55,"MI
(43.6425, -83.8431)"
1723,J R Whiting,Consumers Energy Company,Monroe,1428.46,201,598.592,275,501602.021,278,4782623.401,455518.51,"MI
(41.7917, -83.4486)"
1733,Monroe,Detroit Edison Company,Monroe,2343.222,162,4110.729,90,15354498.462,6,146356344.498,15203530.34,"MI
(41.8917, -83.3461)"
1740,River Rouge,Detroit Edison Company,Wayne,2805.701,138,1859.431,159,1382455.425,222,12757617.345,,"MI
(42.2733, -83.1131)"
1743,St. Clair,Detroit Edison Company,Saint Clair,16323.17,18,5463.056,69,4228599.401,128,40317805.36,4100517.47,"MI
(42.7642, -82.4719)"
1745,Trenton Channel,Detroit Edison Company,Wayne,9942.655,44,1946.207,153,2191707.926,193,20897219.029,,"MI
(42.1236, -83.1811)"
1769,Presque Isle,Wisconsin Electric Power Company,Marquette,5884.742,81,3757.584,100,2408739.049,181,22966609.67,2057164.86,"MI
(46.5789, -87.395)"
1825,J B Sims,Grand Haven Board of Light and Power,Ottawa,365.314,276,460.471,293,304178.927,299,2964718.961,320842.99,"MI
(43.0722, -86.2342)"
1830,James De Young,City of Holland,Ottawa,0.005,331,0.142,363,269.953,325,4546.087,184.26,"MI
(42.7956, -86.1133)"
50397,P H Glatfelter Company,P H Glatfelter Company,York,,,1246.152,203,,,7055495.9,,"PA
(39.8717, -76.8664)"
1831,Eckert Station,Lansing Board of Water and Light,Ingham,1857.82,181,785.404,251,770505.797,255,7346586.485,613779.7,"MI
(42.7183, -84.5586)"
1832,Erickson,Lansing Board of Water and Light,Eaton,2588.622,151,1058.339,221,1124836.817,233,10724985.485,870460.67,"MI
(42.6919, -84.6572)"
1843,Shiras,Marquette Board of Light and Power,Marquette,243.618,291,373.471,308,398374.326,287,3798324.723,291466.5,"MI
(46.5314, -87.3917)"
1866,Wyandotte,Wyandotte Municipal Services,Wayne,,,,,,,,,"MI
(42.2081, -83.1453)"
1893,Boswell Energy Center,"Minnesota Power, Inc.",Itasca,3643.691,116,4314.451,86,8795872.298,48,83866029.828,8097387.15,"MN
(47.2603, -93.6531)"
1897,Hibbard Energy Center,"Minnesota Power, Inc.",Saint Louis,89.831,314,463.516,292,301450.713,300,2892287.508,,"MN
(46.7356, -92.1531)"
1915,Allen S King,Northern States Power (Xcel Energy),Washington,1515.393,194,1391.776,191,3033394.092,157,28922500.38,2991185.86,"MN
(45.03, -92.7786)"
1943,Hoot Lake,Otter Tail Power Company,Otter Tail,940.535,228,331.187,313,274550,303,2617795.1,230070,"MN
(46.29, -96.0428)"
2076,Asbury,Empire District Electric Company,Jasper,1030.599,223,1227.857,205,1426460.767,219,13600908.118,1209794.55,"MO
(37.3596, -94.5913)"
2079,Hawthorn,Kansas City Power & Light Company,Jackson,1042.327,222,893.531,240,2574009.451,173,24575878.694,2741110.69,"MO
(39.1306, -94.4778)"
2080,Montrose,Kansas City Power & Light Company,Henry,2179.994,167,737.747,260,862526.014,250,8223974.172,810089.23,"MO
(38.3108, -93.9331)"
2094,Sibley,Kansas City Power & Light Company,Jackson,3604.383,118,2205.431,142,1449224.836,218,13817990.859,1423078.08,"MO
(39.1778, -94.1861)"
2098,Lake Road,KCP&L Greater Missouri Operations Company,Buchanan,274.46,283,418.471,300,133350.628,312,1418048.032,123051.01,"MO
(39.7246, -94.8773)"
2103,Labadie,Union Electric Company,Franklin,31113.413,3,6576.009,51,15274205.165,7,145635054.377,15589099.12,"MO
(38.5583, -90.8361)"
2104,Meramec,Union Electric Company,Saint Louis,4340.928,104,1625.458,175,1922271.106,204,18429852.415,1844290.4,"MO
(38.4017, -90.3358)"
2107,Sioux,Union Electric Company,Saint Charles,3182.695,129,5881.623,62,4970602.26,113,47393246.476,4967522.58,"MO
(38.9158, -90.2917)"
2123,Columbia,City of Columbia,Boone,,,,,,,,,"MO
(38.9658, -92.3175)"
2167,New Madrid Power Plant,"Associated Electric Cooperative, Inc.",New Madrid,12467.115,30,16324.516,2,6331933.343,82,60373817.645,7001483.22,"MO
(36.5147, -89.5617)"
2168,Thomas Hill Energy Center,"Associated Electric Cooperative, Inc.",Randolph,14406.709,24,12446.946,9,7592823.466,65,72401627.507,7521634.83,"MO
(39.5531, -92.6392)"
2240,Lon D Wright Power Plant,City of Fremont,Dodge,589.491,259,369.377,309,371258.797,293,3577880.669,337970.57,"NE
(41.4275, -96.4619)"
2277,Sheldon,Nebraska Public Power District,Lancaster,1431.978,200,1225.423,206,644525.411,265,6145366.802,580298.41,"NE
(40.5589, -96.7842)"
2291,North Omaha Station,Omaha Public Power District,Douglas,8902.074,53,3818.416,97,2355407.441,185,22511203.432,2239335.69,"NE
(41.3297, -95.9458)"
2324,Reid Gardner,NV Energy,Clark,231.558,295,423.235,299,453182.661,284,4320964.545,382880.3,"NV
(36.6531, -114.6364)"
2364,Merrimack,Public Service of New Hampshire,Merrimack,228.225,296,545.31,286,396316.424,288,3862042.559,402065.07,"NH
(43.1411, -71.4692)"
2367,Schiller,Public Service of New Hampshire,Rockingham,272.292,284,273.345,318,606479.927,269,5851301.861,420332.57,"NH
(43.0978, -70.7842)"
2378,B L England,"North American Energy Services, R.C. Cape May Holdings, LLC",Cape May,113.654,309,199.826,328,101961.697,317,993538.985,97100.64,"NJ
(39.29, -74.6339)"
2403,Hudson Generating Station,"PSEG Power, LLC",Hudson,18.459,322,175.268,335,239829.51,306,4152233.387,360962.56,"NJ
(40.7478, -74.0719)"
2408,Mercer Generating Station,"PSEG Power, LLC",Mercer,3.676,330,26.19,360,57917.887,321,889193.203,58065.51,"NJ
(40.1797, -74.7325)"
2442,Four Corners Steam Elec Station,Arizona Public Service Company,San Juan,4410.678,103,17353.262,1,6850158.75,73,66778030.724,7350466.73,"NM
(36.69, -108.4814)"
2451,San Juan,Public Service Company of New Mexico,San Juan,2912.962,134,14896.632,3,12423184.296,20,118476544.827,11386675.7,"NM
(36.8006, -108.4386)"
2527,Greenidge Generation LLC,Greenidge Generation LLC,Yates,,,,,,,,,"NY
(42.6789, -76.9483)"
2535,"Cayuga Operating Company, LLC","Cayuga Operating Company, LLC",Tompkins,737.334,252,348.522,312,632447.781,266,6164049.94,633323.04,"NY
(42.6028, -76.6336)"
2549,Huntley Power,"Huntley Power, LLC",Erie,752.561,250,142.794,340,286748.516,302,2734072.161,269619,"NY
(42.97, -78.93)"
2554,NRG Dunkirk Power,"NRG Energy, Inc",Chautauqua,,,,,,,,,"NY
(42.49, -79.35)"
2706,Asheville,"Duke Energy Progress, LLC",Buncombe,921.015,232,602.296,274,1460791.958,215,14242603.182,1491663.75,"NC
(35.4714, -82.5431)"
2712,Roxboro,"Duke Energy Progress, LLC",Person,8052.642,62,5480.675,66,8386389.673,53,81779374.058,4233203.53,"NC
(36.4833, -79.0731)"
2718,G G Allen,"Duke Energy Carolinas, LLC",Gaston,676.355,256,2167.222,143,1639274.366,209,15977356.918,1724763.63,"NC
(35.1897, -81.0122)"
2721,Cliffside,"Duke Energy Carolinas, LLC",Cleveland,584.484,261,1168.218,210,3594063.225,140,35029845.243,4052624.13,"NC
(35.22, -81.7594)"
2727,Marshall,"Duke Energy Carolinas, LLC",Catawba,4918.388,93,9389.498,23,9853506.315,36,96038068.446,10383184.47,"NC
(35.5975, -80.9658)"
2790,R M Heskett,Montana Dakota Utilities Company,Morton,1886.906,180,1015.559,226,569609.875,273,5232025.253,453257.15,"ND
(46.8669, -100.8839)"
2817,Leland Olds,Basin Electric Power Cooperative,Mercer,1928.103,177,7289.861,40,4998364.425,111,45911339.816,4462781.9,"ND
(47.2819, -101.3194)"
10111,DTE Pontiac North LLC,DTE Pontiac North LLC,Oakland,,,,,,,,,"MI
(42.6603, -83.2983)"
2823,Milton R Young,"Minnkota Power Cooperative, Inc.",Oliver,2638.254,149,8307.268,34,5412606.515,103,49716340.37,4815245.37,"ND
(47.0664, -101.2139)"
2824,Stanton,Great River Energy,Mercer,2478.993,154,1541.793,180,1216175.148,229,11595839.621,,"ND
(47.2872, -101.3314)"
2828,Cardinal,Cardinal Operating Company,Jefferson,9195.232,48,3754.8,101,9241400.689,42,90072155.276,9855056.15,"OH
(40.2522, -80.6486)"
2832,Miami Fort Power Station,"Dynegy Miami Fort, LLC",Hamilton,10213.228,39,5052.05,74,6718141.952,76,65479042.519,7428317.13,"OH
(39.1131, -84.8031)"
2836,Avon Lake Power Plant,NRG Power Midwest LP,Lorain,9020.502,49,2055.69,145,1150253.875,232,11211072.57,1193149.22,"OH
(41.5042, -82.05)"
2840,Conesville,"AEP Generation Resources, Inc.",Coshocton,5013.177,92,5981.942,59,5234883.457,107,51022283.167,4999699.95,"OH
(40.1842, -81.8811)"
2850,J M Stuart,Dayton Power and Light Company,Adams,9004.248,50,5465.369,68,11874380.802,24,115734719.801,12426803.54,"OH
(38.6361, -83.6939)"
2866,W H Sammis,FirstEnergy Generation Corporation,Jefferson,5713.149,85,4993.576,77,8562204.805,50,81638154.505,9021101.86,"OH
(40.5308, -80.6311)"
2876,Kyger Creek,Ohio Valley Electric Corporation,Gallia,3981.743,110,5821.611,63,5608699.25,99,54665716.265,5567500.86,"OH
(38.9161, -82.1281)"
2878,Bay Shore,FirstEnergy Generation Corporation,Lucas,2100.34,171,363.845,310,1352801.054,223,12828837.388,,"OH
(41.6925, -83.4375)"
2917,Hamilton Municipal Power Plant,City of Hamilton,Butler,,,,,,,,,"OH
(39.4099, -84.5544)"
2952,Muskogee,Oklahoma Gas & Electric Company,Muskogee,17804.509,16,6460.107,52,7610743.614,64,72689712.141,6786811.46,"OK
(35.7617, -95.2847)"
2963,Northeastern,Public Service Company of Oklahoma,Rogers,4137.958,106,1626.557,174,2673938.389,171,25495266.171,2487436.73,"OK
(36.4317, -95.7008)"
3118,Conemaugh,GenOn Northeast Management Company,Indiana,3646.59,115,11162.931,15,9673110.868,39,94580461.772,9964233.07,"PA
(40.3842, -79.0611)"
3122,Homer City,NRG Homer City Services LLC,Indiana,20482.247,13,11287.924,14,7163233.855,70,69817047.766,7266901.28,"PA
(40.511, -79.1968)"
3130,Seward,"NRG Wholesale Generation LP, Seward Generation, LLC",Indiana,7302.926,69,1745.74,167,3130604.304,153,30537546.346,,"PA
(40.4081, -79.0339)"
3131,Shawville,NRG REMA LLC,Clearfield,6.983,327,101.164,351,144087.301,311,2430630.265,220893.04,"PA
(41.067, -78.3656)"
3136,Keystone,GenOn Northeast Management Company,Armstrong,22402.999,10,13380.503,5,10830528.483,29,105560719.815,11019359.89,"PA
(40.6604, -79.3411)"
3138,New Castle,NRG Power Midwest LP,Lawrence,1648.419,187,779.622,253,631893.218,267,9392163.727,887402.59,"PA
(40.9378, -80.3681)"
3140,"Brunner Island, LLC","Talen Generation, LLC",York,5741.163,84,6280.851,54,3578485.117,142,35443761.296,3687718.87,"PA
(40.097, -76.6962)"
3149,"Montour, LLC","Talen Generation, LLC",Montour,7655.315,66,8078.858,35,4353113.83,126,42428005.112,4792184.36,"PA
(41.0714, -76.6672)"
3287,McMeekin,South Carolina Electric & Gas Company,Lexington,377.425,275,456.67,294,538683.793,275,8569020.484,989469.17,"SC
(34.0533, -81.2178)"
3297,Wateree,South Carolina Electric & Gas Company,Richland,819.846,246,1786.609,163,3424878.979,145,33380954.594,3702135.66,"SC
(33.8264, -80.6218)"
3298,Williams,South Carolina Generating Company,Berkeley,510.002,264,1539.831,181,2760268.863,167,26903226.346,3231559.06,"SC
(33.0163, -79.9285)"
3393,Allen,Tennessee Valley Authority,Shelby,7692.753,65,1494.587,184,3967906.972,131,37832889.251,3858012.27,"TN
(35.0742, -90.1439)"
3396,Bull Run,Tennessee Valley Authority,Anderson,359.948,278,897.135,237,2052657.452,199,20006409.107,2132671.81,"TN
(36.0211, -84.1567)"
3399,Cumberland,Tennessee Valley Authority,Stewart,10123.301,42,4779.066,80,13745957.608,12,133976165.328,13731834.16,"TN
(36.3903, -87.6539)"
3403,Gallatin,Tennessee Valley Authority,Sumner,1399.817,203,6860.671,47,6263039.696,84,59716236.374,5964440.08,"TN
(36.3156, -86.4006)"
3406,Johnsonville,Tennessee Valley Authority,Humphreys,9200.614,47,1823.656,160,2572623.517,174,24690280.479,2185834.53,"TN
(36.0278, -87.9861)"
3407,Kingston,Tennessee Valley Authority,Roane,2453.093,156,2098.242,144,6330952.854,83,61027131.87,5780753.02,"TN
(35.8992, -84.5194)"
3470,W A Parish,"NRG Energy, Inc",Fort Bend,34135.253,2,3594.993,103,14121527.847,10,134940805.789,13460841.3,"TX
(29.4783, -95.6358)"
3497,Big Brown,Luminant Generation Company LLC,Freestone,42469.916,1,4506.878,83,7498037.822,67,68871447.045,6751021.4,"TX
(31.8206, -96.0561)"
3644,Carbon,Pacificorp Energy Generation,Carbon,,,,,,,,,"UT
(39.7272, -110.8644)"
3797,Chesterfield Power Station,Dominion Generation,Chesterfield,2166.128,169,1604.147,177,6683164.753,78,65138020.144,6655011.19,"VA
(37.3822, -77.3833)"
3809,Yorktown Power Station,Dominion Generation,York,2851.888,135,828.071,245,338168.441,298,3295978.132,357203.4,"VA
(37.2144, -76.4611)"
3845,Centralia,TransAlta,Lewis,1438.417,199,5009.245,76,5570847.302,101,53116406.488,4914193.22,"WA
(46.7559, -122.8578)"
3935,John E Amos,Appalachian Power Company,Putnam,5265.357,88,6284.782,53,15011480.411,8,146310749.435,15508322.41,"WV
(38.4731, -81.8233)"
3936,Kanawha River,Appalachian Power Company,Kanawha,,,,,,,,,"WV
(38.2056, -81.4211)"
3943,Fort Martin Power Station,Monongahela Power Company,Monongalia,2477.87,155,9788.579,21,6637062.063,79,63282524.811,7378365.01,"WV
(39.7107, -79.9275)"
3944,Harrison Power Station,Allegheny Energy,Harrison,8541.504,56,11981.553,12,13361830.663,14,130232312.757,13939553.35,"WV
(39.3844, -80.3325)"
3948,Mitchell (WV),Kentucky Power Company,Marshall,3604.55,117,3380.729,113,8016543.759,60,78133966.241,8304800.81,"WV
(39.8297, -80.8153)"
3954,Mount Storm Power Station,Dominion Generation,Grant,3426.018,123,3468.885,109,9673863.037,38,94287175.473,9678277.63,"WV
(39.2014, -79.2667)"
3982,Bay Front,Northern States Power (Xcel Energy),Ashland,96.441,312,319.214,314,292737.035,301,2809623.377,164363.08,"WI
(46.5869, -90.9017)"
4041,South Oak Creek,Wisconsin Electric Power Company,Milwaukee,89.121,315,1456.221,187,4706948.823,118,44914886.267,4251536.93,"WI
(42.8457, -87.8294)"
4050,Edgewater (4050),Wisconsin Power & Light Company,Sheboygan,5981.327,79,1306.702,199,4063294.085,129,38742333.498,3700294.42,"WI
(43.715, -87.7094)"
4072,Pulliam,Wisconsin Public Service Corporation,Brown,747.17,251,400.834,305,370793.212,294,3647067.189,361611.41,"WI
(44.5397, -88.0083)"
4078,Weston,Wisconsin Public Service Corporation,Marathon,1337.185,205,1005.122,227,3723203.79,135,35534770.6,4170908.68,"WI
(44.8606, -89.6553)"
4125,Manitowoc,Manitowoc Public Utilities,Manitowoc,262.673,286,75.648,354,222106.084,308,2130630.342,,"WI
(44.082, -87.6558)"
4143,Genoa,Dairyland Power Cooperative,Vernon,252.924,288,577.513,280,1055775.364,238,10066523.441,981068.95,"WI
(43.5592, -91.2333)"
4158,Dave Johnston,Pacificorp Energy Generation,Converse,8527.055,57,6941.846,44,6107335.653,87,58231591.82,5582080.44,"WY
(42.8378, -105.7769)"
4162,Naughton,Pacificorp Energy Generation,Lincoln,4069.704,107,5588.867,64,5630727.478,98,53711525.772,5281431.93,"WY
(41.7572, -110.5986)"
4259,Endicott Generating,Michigan South Central Power Agency,Hillsdale,139.51,304,132.936,344,126267.192,313,1230690.782,96308.05,"MI
(42.0317, -84.755)"
4271,J P Madgett,Dairyland Power Cooperative,Buffalo,919.497,233,1239.413,204,2358813.105,184,22490586.921,1947946.29,"WI
(44.3026, -91.9126)"
4941,Navajo Generating Station,Salt River Project,Coconino,3585.347,119,12007.251,11,13967831.554,11,136138726.868,13310647.82,"AZ
(36.9047, -111.3886)"
6002,James H Miller Jr,Alabama Power Company,Jefferson,772.599,248,6964.139,43,21581314.575,1,205771589.575,19420236.25,"AL
(33.6319, -87.0597)"
6004,Pleasants Power Station,Allegheny Energy,Pleasants,9609.83,45,7404.393,38,6919134.048,72,65971958.609,7609692.12,"WV
(39.3668, -81.2944)"
6009,White Bluff,Entergy Corporation,Jefferson,18336.022,15,9719.359,22,6725178.783,75,64149532.295,6017564.49,"AR
(34.4236, -92.1392)"
6016,Duck Creek,"Illinois Power Resources Generating, LLC",Fulton,9.899,325,1070.534,219,2461573.232,178,23470382.409,2338467.45,"IL
(40.4663, -89.9841)"
6017,Newton,Illinois Power Generating Company,Jasper,7742.898,63,1618.483,176,3777566.554,132,36018004.954,3622487.81,"IL
(38.9361, -88.2778)"
6018,East Bend,"Duke Energy Kentucky, Inc.",Boone,2680.711,148,3511.736,105,4261735.084,127,41537357.159,4003949.48,"KY
(38.9031, -84.8511)"
6019,W H Zimmer Generating Station,"Duke Energy Zimmer, LLC, Dynegy Zimmer LLC",Clermont,9972.51,43,5457.76,70,5255808.28,106,51226199.182,5918555.42,"OH
(38.8689, -84.2286)"
6021,Craig,Tri-State Generation & Transmission,Moffat,3343.164,124,11469.462,13,9109054.76,46,86852137.404,9007467.19,"CO
(40.4627, -107.5912)"
6030,Coal Creek,Great River Energy,McLean,13275.943,26,6890.074,45,9138033.371,45,83935288.775,8775740.69,"ND
(47.3761, -101.1567)"
6031,Killen Station,Dayton Power and Light Company,Adams,10127.199,41,6058.171,58,3690242.877,137,35988024.651,3820267.76,"OH
(38.6903, -83.4803)"
6034,Belle River,Detroit Edison Company,Saint Clair,20827.494,11,6998.093,42,7238538.553,69,69017401.868,6944970.95,"MI
(42.7748, -82.4945)"
6041,H L Spurlock,East Kentucky Power Cooperative,Mason,4702.603,97,3398.726,111,8968185.094,47,87409218.609,9517311.49,"KY
(38.7, -83.8175)"
6052,Wansley (6052),Georgia Power Company,Heard,4855.563,95,2046.156,148,5302066.35,105,51677108.975,5126058.25,"GA
(33.4124, -85.0345)"
6055,Big Cajun 2,"Louisiana Generating, LLC",Pointe Coupee,12855.725,27,2905.899,120,4966561.702,114,47354734.49,4359202.77,"LA
(30.7261, -91.3669)"
6061,R D Morrow Senior Generating Plant,South Mississippi Elec. Power Assoc,Lamar,114.293,308,937.582,231,489764.58,279,4773558.956,434033.82,"MS
(31.2194, -89.3933)"
6064,Nearman Creek,Kansas City Board of Public Utilities,Wyandotte,2438.898,158,877.574,242,790132.756,253,7536835.099,669183.05,"KS
(39.1714, -94.6958)"
6065,Iatan,Kansas City Power & Light Company,Platte,249.547,289,2949.633,119,10392381.399,34,99088315.844,10449841.71,"MO
(39.4472, -94.98)"
6068,Jeffrey Energy Center,"Westar Energy, Inc.",Pottawatomie,1425.261,202,4972.723,78,11957910.625,23,114027380.408,11040149.84,"KS
(39.2825, -96.1153)"
6071,Trimble County,LGE and KU Energy LLC,Trimble,3558.647,120,2751.244,126,7719227.554,62,74373929.471,8350320.24,"KY
(38.5847, -85.4117)"
6073,Daniel Electric Generating Plant,Mississippi Power Company,Jackson,140.656,303,3492.882,106,2694408.002,169,26261337.85,2364638.75,"MS
(30.5335, -88.5574)"
6076,Colstrip,"Talen Montana, LLC",Rosebud,8726.189,54,13533.176,4,15742339.938,5,150122372.759,14728397.62,"MT
(45.8831, -106.614)"
6077,Gerald Gentleman Station,Nebraska Public Power District,Lincoln,22768.206,8,7233.113,41,8267009.45,56,78823545.6,8274391.5,"NE
(41.0808, -101.1408)"
6082,Somerset Operating Company  (Kintigh),"Somerset Operating Company, LLC",Niagara,1631.591,190,593.784,276,669753.353,262,6527811.295,677089.67,"NY
(43.3561, -78.6039)"
6085,R M Schahfer Generating Station,Northern Indiana Public Service Company,Jasper,1440.91,198,4382.995,85,5776818.027,94,55885307.72,5074809.93,"IN
(41.2175, -87.0239)"
6089,Lewis & Clark,Montana Dakota Utilities Company,Richland,34.578,319,623.679,272,372293.908,292,3426028.972,287156.56,"MT
(47.6788, -104.1569)"
6090,Sherburne County,Northern States Power (Xcel Energy),Sherburne,8504.353,58,8468.323,31,13371182.005,13,127490279.648,12728519.83,"MN
(45.3792, -93.8958)"
6094,Bruce Mansfield,FirstEnergy Generation Corporation,Beaver,16297.556,19,9128.538,27,11868110.903,25,113158978.765,12751848.11,"PA
(40.6344, -80.42)"
6095,Sooner,Oklahoma Gas & Electric Company,Noble,11194.396,36,2892.389,122,4644015.549,121,44308602.89,4300436.06,"OK
(36.4537, -97.0527)"
6096,Nebraska City Station,Omaha Public Power District,Otoe,14722.061,23,5287.194,72,9214968.523,43,87921260.356,9764404.95,"NE
(40.6215, -95.7765)"
6098,Big Stone,Otter Tail Power Company,Grant,827.015,245,961.881,228,2467530.794,177,23527180.736,2188752.57,"SD
(45.3047, -96.5103)"
6101,Wyodak,Pacificorp Energy Generation,Campbell,1967.202,176,2900.573,121,2688266.215,170,25631857.387,2316864.98,"WY
(44.2886, -105.3847)"
6106,Boardman,Portland General Electric Company,Morrow,3668.145,114,1878.407,158,2016241.522,200,19224271.607,2009404.66,"OR
(45.6933, -119.8056)"
6113,Gibson,"Duke Energy Indiana, Inc., Duke Energy Indiana, LLC",Gibson,14962.735,22,13190.138,6,16891616.99,3,164635698.822,18093010.52,"IN
(38.3722, -87.7661)"
6124,McIntosh (6124),Georgia Power Company,Effingham,117.078,306,138.996,342,50006.825,322,476813.5,40033.75,"GA
(32.3558, -81.1683)"
6136,Gibbons Creek Steam Electric Station,Texas Municipal Power Agency,Grimes,138.322,305,809.689,249,1385256.962,221,13550207.876,1207222.68,"TX
(30.6167, -96.0778)"
6137,A B Brown Generating Station,Southern Indiana Gas and Electric Company,Posey,3854.68,111,1676.538,170,2512393.879,175,24487296.092,2377215.26,"IN
(37.9053, -87.715)"
6138,Flint Creek Power Plant,Southwestern Electric Power Company,Benton,1636.987,188,3055.824,116,2390344.362,183,22791149.586,2192184.95,"AR
(36.2561, -94.5241)"
6139,Welsh Power Plant,Southwestern Electric Power Company,Titus,11046.951,37,4829.681,79,5381729.724,104,51313200.31,4802939.13,"TX
(33.0583, -94.844)"
6146,Martin Lake,Luminant Generation Company LLC,Rusk,25471.222,4,9348.668,25,13351679.458,15,122638758.875,12271204.41,"TX
(32.2597, -94.5703)"
6147,Monticello,Luminant Generation Company LLC,Titus,24958.282,5,5944.434,61,9145058.637,44,86829976.663,8159391.59,"TX
(33.0917, -95.0417)"
6155,Rush Island,Union Electric Company,Jefferson,17378.849,17,2663.932,131,6696231.296,77,63846637.411,6820615.15,"MO
(38.1306, -90.2625)"
6165,Hunter,Pacificorp Energy Generation,Emery,3197.309,127,8869.05,29,8501736.52,52,82862904.096,8837774.74,"UT
(39.1747, -111.0289)"
6166,Rockport,Indiana Michigan Power Company,Spencer,24341.095,6,12888.082,7,12446954.114,19,118678064.939,12330471.01,"IN
(37.9256, -87.0372)"
6170,Pleasant Prairie,Wisconsin Electric Power Company,Kenosha,1086.996,219,2214.249,141,7571957.426,66,72222738.862,6695585.59,"WI
(42.5381, -87.9033)"
6177,Coronado Generating Station,Salt River Project,Apache,589.307,260,5088.723,73,6171486.397,85,58844087.392,5595189.14,"AZ
(34.5778, -109.2717)"
6178,Coleto Creek,"Coleto Creek Power, LP",Goliad,8231.219,60,2049.047,147,3418102.728,146,32590568.128,3295550.92,"TX
(28.7128, -97.2142)"
6179,Sam Seymour,Lower Colorado River Authority,Fayette,1107.792,218,6131.942,56,12025294.444,22,114657549.381,10869911.06,"TX
(29.9172, -96.7506)"
6180,Oak Grove,Oak Grove Management Company LLC,Robertson,7060.514,71,4313.619,87,13174583.513,16,121044541.035,13024658.78,"TX
(31.185, -96.4853)"
6181,J T Deely,City of San Antonio,Bexar,7625.042,68,1280.961,201,3037847.425,156,29608671.825,2605745.25,"TX
(29.3072, -98.3228)"
6183,San Miguel,"San Miguel Electric Cooperative, Inc.",Atascosa,6814.706,74,2363.238,135,3342402.456,149,30700859.551,2637921.25,"TX
(28.7044, -98.4781)"
6190,Brame Energy Center,Cleco Power LLC,Rapides,5699.669,86,2833.481,124,6745570.207,74,64172726.087,6088958.03,"LA
(31.395, -92.7167)"
6193,Harrington Station,Southwestern Public Service Company,Potter,14254.207,25,4027.048,92,5846584.781,92,55823183.851,5450798.83,"TX
(35.2972, -101.7475)"
6194,Tolk Station,Southwestern Public Service Company,Lamb,14976.952,21,4000.844,93,5985993.457,91,57112324.275,6021970.32,"TX
(34.1847, -102.5686)"
6195,John Twitty Energy Center,"City of Springfield, MO",Greene,3315.362,125,809.764,248,2318516.57,188,22279631.486,2318532.66,"MO
(37.1519, -93.3892)"
6204,Laramie River,Basin Electric Power Cooperative,Platte,6045.105,78,9113.205,28,12615332.141,18,120283545.463,11096291.92,"WY
(42.1103, -104.8828)"
6213,Merom,"Hoosier Energy REC, Inc.",Sullivan,3143.809,130,1942.712,154,6636020.769,80,64678582.716,6567114.53,"IN
(39.0694, -87.5108)"
6248,Pawnee,Public Service Company of Colorado,Morgan,1493.68,195,840.009,244,3402982.267,148,32456223.927,2933263.02,"CO
(40.2217, -103.6803)"
6249,Winyah,Santee Cooper,Georgetown,692.913,255,1082.033,218,2698970.225,168,26305763.235,2548443.4,"SC
(33.3303, -79.3611)"
6250,Mayo,"Duke Energy Progress, LLC",Person,2736.922,142,1561.011,179,2342843.741,186,22860236.228,,"NC
(36.5278, -78.8917)"
6254,Ottumwa,Interstate Power & Light Company,Wapello,1013.449,225,2850.927,123,4491572.598,122,42830701.864,3985103.09,"IA
(41.0961, -92.5556)"
6257,Scherer,Georgia Power Company,Monroe,1984.524,175,12747.396,8,19310777.1,2,184122578.425,18022292.5,"GA
(33.0583, -83.8072)"
6264,Mountaineer (1301),Appalachian Power Company,Mason,5246.461,89,3935.837,95,8210849.919,59,80027774.066,8501569.61,"WV
(38.9794, -81.9344)"
6469,Antelope Valley,Basin Electric Power Cooperative,Mercer,12343.291,31,5041.028,75,7247364.922,68,66568939.729,6343836.5,"ND
(47.3714, -101.8344)"
6481,Intermountain,Intermountain Power Service Corporation,Millard,2784.913,141,10396.829,18,8528842.75,51,83127108.325,9040453.75,"UT
(39.5035, -112.5811)"
6639,R D Green,Big Rivers Electric Corporation,Webster,2681.535,147,3715.352,102,3257883.325,150,31753310.2,3053462.5,"KY
(37.6467, -87.5006)"
6641,Independence,Entergy Corporation,Independence,22569.595,9,9863.663,20,8235042.718,57,78529098.774,8140764.3,"AR
(35.6733, -91.4083)"
6648,Sandow,Luminant Generation Company LLC,Milam,12105.279,32,1381.335,192,4686780.766,119,43049335.55,4383003.67,"TX
(30.5642, -97.0639)"
6664,Louisa,MidAmerican Energy Company,Louisa,5129.256,90,3114.558,115,3673646.946,138,35027181.415,3657998.93,"IA
(41.3153, -91.0936)"
6705,Alcoa Allowance Management Inc,"Alcoa Allowance Management, Inc.",Warrick,3542.001,121,6837.264,48,4454576.573,124,43417011.83,3908552.75,"IN
(37.915, -87.3328)"
6761,Rawhide Energy Station,Platte River Power Authority,Larimer,878.562,240,1306.522,200,2315026.651,189,22073151.148,2425694.25,"CO
(40.8611, -105.0206)"
6768,Sikeston,Sikeston Bd. of Municipal Utilities,Scott,4837.002,96,940.279,230,1713752.156,208,16703214.749,1688175.79,"MO
(36.8791, -89.6209)"
6772,Hugo,"Western Farmers Electric Cooperative, Inc.",Choctaw,7275.465,70,2301.107,137,2500353.966,176,24378853.411,2215205.15,"OK
(34.0158, -95.3206)"
6823,D B Wilson,Big Rivers Electric Corporation,Ohio,6934.158,72,1151.95,211,3718292.925,136,36240652.35,3322519.5,"KY
(37.4497, -87.0803)"
7030,Twin Oaks,NAES Corporation,Robertson,3186.488,128,1379.612,193,3169214.365,152,29110012.838,2802352.43,"TX
(31.0932, -96.6965)"
7097,J K Spruce,City of San Antonio,Bexar,617.619,257,2819.387,125,6070044.3,88,59162268.7,5749171,"TX
(29.3091, -98.3205)"
7210,Cope Station,South Carolina Electric & Gas Company,Orangeburg,935.287,229,1146.744,212,1763533.588,206,17195761.255,2104207.3,"SC
(33.3642, -81.03)"
7213,Clover Power Station,Dominion Generation,Halifax,1580.005,192,8307.288,33,6006975.269,89,58547473.363,5863265,"VA
(36.8692, -78.7046)"
7343,George Neal South,MidAmerican Energy Company,Woodbury,4887.489,94,2737.08,127,2895516.75,163,27607864.625,2995556.5,"IA
(42.3022, -96.3622)"
7504,Neil Simpson II,"Black Hills Power, Inc",Campbell,386.464,274,552.704,284,836247.152,251,7973400.589,663086.93,"WY
(44.2853, -105.3841)"
7737,"KapStone Charleston Kraft, LLC",KapStone Charleston Kraft LLC,Charleston,,,564.899,281,,,4202539.383,,"SC
(32.8994, -79.9694)"
7790,Bonanza,Deseret Generation & Transmission,Uintah,1305.028,208,5574.344,65,3592216.5,141,35011864.075,3258714.5,"UT
(40.0864, -109.2844)"
7902,H W Pirkey Power Plant,Southwestern Electric Power Company,Harrison,4440.979,102,4213.993,89,5675815.899,97,52133913.268,5423476.11,"TX
(32.4607, -94.4852)"
8023,Columbia,Wisconsin Power & Light Company,Columbia,1393.247,204,3480.674,107,5996765.879,90,57189465.555,5397837.86,"WI
(43.4864, -89.4203)"
8042,Belews Creek,"Duke Energy Carolinas, LLC",Stokes,5066.415,91,6772.22,49,10446839.894,32,101821064.042,11423440.99,"NC
(36.2811, -80.0603)"
8066,Jim Bridger,Pacificorp Energy Generation,Sweetwater,9226.552,46,9343.924,26,12833720.559,17,122366505.989,12559353.93,"WY
(41.7378, -108.7875)"
8069,Huntington,Pacificorp Energy Generation,Emery,2364.336,161,6210.166,55,5718453.624,96,55735500.108,5972516.81,"UT
(39.3792, -111.0781)"
8102,Gen J M Gavin,"AEP Generation Resources, Inc.",Gallia,20029.011,14,7328.886,39,14528134.978,9,141599821.916,15073079.31,"OH
(38.9347, -82.1158)"
8219,Ray D Nixon,Colorado Springs Utilities,El Paso,2982.958,133,1400.325,189,1405587.131,220,13407175.058,1312755.38,"CO
(38.6306, -104.7056)"
8222,Coyote,Otter Tail Power Company,Mercer,11872.863,34,7771.838,36,2950668.065,161,27102661.739,2586763.02,"ND
(47.2217, -101.8139)"
8223,Springerville Generating Station,Tucson Electric Power Company,Apache,6340.543,76,5954.538,60,9902829.215,35,94449694.608,10190511.65,"AZ
(34.3186, -109.1636)"
8224,North Valmy,Sierra Pacific Power Company,Humboldt,2279.206,164,1635.624,173,1088269.674,236,10376330.321,1093401.29,"NV
(40.8831, -117.1542)"
8226,Cheswick,NRG Power Midwest LP,Allegheny,2090.556,173,4220.672,88,2195864.95,192,21475812.962,2151582.43,"PA
(40.5383, -79.7906)"
10017,RockTenn West Point Mill,RockTenn,King William,,,123.214,347,,,1820920.866,,"VA
(37.5392, -76.8053)"
10025,"RED-Rochester, LLC-Eastman Business Park","RED-Rochester, LLC",Monroe,,,1918.206,155,,,8519040.278,,"NY
(43.1969, -77.6289)"
10043,Logan Generating Plant,NAES Corporation,Gloucester,548.501,262,410.203,302,765774.119,256,7482619.191,,"NJ
(39.7914, -75.4081)"
10071,Virginia Renewable Power-Portsmouth LLC,Cogentrix Virginia Leasing Corporation,Portsmouth (City),,,,,,,,,"VA
(36.8703, -76.3519)"
10075,Taconite Harbor Energy Center,"Minnesota Power, Inc.",Cook,932.033,230,406.017,303,698212.555,259,6657278.612,562153.57,"MN
(47.5314, -90.9111)"
10113,Gilberton Power Company,Gilberton Power Company,Schuylkill,728.316,253,274.896,317,1060581.864,237,8253397.748,,"PA
(40.79, -76.1984)"
10143,Colver Power Project,A/C Power - Colver Operations,Cambria,2384.643,159,737.548,262,,,9312141.212,841412.72,"PA
(40.55, -78.8)"
10151,Grant Town Power Plant,Edison Mission Operation & Maintenance,Marion,2369.969,160,1456.737,186,1011409.187,240,9857787.347,,"WV
(39.5611, -80.1642)"
10244,P H Glatfelter Company - Chillicothe Fac,P H Glatfelter Company,Ross,,,1039.607,224,,,3883162.5,,"OH
(39.3265, -82.9744)"
10328,T B Simon Power Plant,Michigan State University,Ingham,,,436.925,298,,,3009523.076,,"MI
(42.7178, -84.4836)"
10343,Mt. Carmel Cogeneration,"Mt. Carmel Cogeneration, Inc.",Northumberland,470.294,267,182.933,331,570033.051,272,4841437.97,307452.45,"PA
(40.8092, -76.4539)"
10377,City Point Energy Center,James River Cogeneration Company,Hopewell (City),1648.493,186,955.327,229,477265.559,281,4651711.776,,"VA
(37.2939, -77.2697)"
10378,CPI USA North Carolina Southport,CPI USA North Carolina LLC,Brunswick,4608.372,98,928.657,234,,,8498096.665,,"NC
(33.9444, -78.0125)"
10379,CPI USA North Carolina Roxboro,CPI USA North Carolina LLC,Person,2315.287,163,441.428,297,,,4329922.596,,"NC
(36.435, -78.9619)"
10380,NC Renewable Power - Elizabethtown,North Carolina Renewable Power - Lumberton LLC,Bladen,,,,,,,,,"NC
(34.6474, -78.6407)"
10384,"Edgecombe Genco, LLC","Edgecombe Genco, LLC",Edgecombe,39.097,318,492.974,290,200050.719,309,1949860.424,,"NC
(36.0378, -77.7542)"
10398,ArcelorMittal Cleveland LLC,ArcelorMittal,Cuyahoga,,,,,,,,,"OH
(41.4739, -81.6728)"
10464,"Black River Generation, LLC","Black River Generation, LLC",Jefferson,6.697,328,401.25,304,615716.812,268,5735509.114,,"NY
(44.0361, -75.7712)"
10566,Carneys Point,NAES Corporation,Salem,931.442,231,692.324,264,1204736.6,230,11753378.075,,"NJ
(39.6928, -75.4867)"
10603,Ebensburg Power Company,"Power Systems Operations, Inc.",Cambria,895.431,237,161.921,338,362904.962,296,3199391.46,230297.34,"PA
(40.455, -78.7472)"
10641,Cambria Cogen,Cambria CoGen Company,Cambria,2537.592,152,1121.668,213,1026257.636,239,9340347.313,,"PA
(40.4748, -78.7021)"
10671,"AES Shady Point, LLC","AES Shady Point, LLC",Le Flore,,,759.166,259,,,23793869.802,,"OK
(35.1931, -94.6458)"
10672,Cedar Bay Generating Co. LP,Cedar Bay Operating Services LLC,Duval,92.712,313,115.457,349,156148.249,310,1531578.747,,"FL
(30.4219, -81.6079)"
10678,AES Warrior Run,AES Corporation,Allegany,890.794,238,356.67,311,1192906.456,231,11630593.181,982930.69,"MD
(39.5944, -78.7456)"
10743,Morgantown Energy Facility,Morgantown Energy Associates,Monongalia,1051.144,220,1091.212,216,,,6591686.93,,"WV
(39.6397, -79.9606)"
10849,Northshore Mining Silver Bay Power,Silver Bay Power Company,Lake,835.538,243,1086.865,217,,,4565788.665,353488.54,"MN
(47.286, -91.26)"
10865,Archer Daniels Midland Co.,Archer Daniels Midland Company,Macon,,,1783.792,164,,,9252018.81,,"IL
(39.8675, -88.885)"
10867,Tate & Lyle,Tate & Lyle Ingredients Americas LLC,Macon,,,258.138,320,,,5843090.764,,"IL
(39.8466, -88.9261)"
50030,Nelson Industrial Steam Company,Entergy Corporation,Calcasieu,,,1379.239,194,,,19558039.58,,"LA
(30.2861, -93.2917)"
50039,Northeastern Power Company,Nepco Services Company,Schuylkill,195.052,300,69.55,355,260288.221,304,2227560.613,165817.75,"PA
(40.8737, -75.9936)"
50240,Purdue University-Wade Utility,Purdue University,Tippecanoe,,,120.473,348,,,1211084.825,,"IN
(40.4172, -86.9117)"
50254,KapStone Paper and Packaging Corp,KapStone Paper and Packaging Corp,Halifax,,,384.897,306,,,1299146.046,,"NC
(36.4769, -77.6414)"
50282,Luke Paper Company,Luke Paper Company,Allegany,,,893.485,241,525532.861,277,,,"MD
(39.4722, -79.0575)"
50410,Kimberly-Clark Tissue Company,Kimberly-Clark Tissue Company,Delaware,,,174.698,336,,,4791450.075,,"PA
(39.8439, -75.3575)"
50481,Eastman Chemical Company,Eastman Chemical Company,Sullivan,,,2716.826,129,,,15423264.78,,"TN
(36.5192, -82.535)"
50491,Axiall Corporation Natrium Plant,Axiall Corporation,Marshall,,,1810.107,162,745317.875,257,10394222.825,,"WV
(39.7475, -80.8547)"
50611,"WPS Westwood Generation, LLC","Olympus Power Funding LLC, Olympus Power, LLC",Schuylkill,87.957,316,54.098,356,110638.891,316,942033.584,61364.34,"PA
(40.6191, -76.45)"
50776,Panther Creek Energy Facility,"Panther Creek Power Operating, LLC",Carbon,104.204,311,102.84,350,,,1693402.738,,"PA
(40.8556, -75.8781)"
50806,"WestRock CP, LLC Florence Mill","WestRock CP, LLC",Florence,,,661.592,266,,,3372058.494,,"SC
(34.1519, -79.5587)"
50835,TES Filer City Station,CMS Enterprises Co.,Manistee,360.041,277,1373.637,195,,,7130407.559,,"MI
(44.217, -86.2906)"
50879,Wheelabrator - Frackville,"Wheelabrator Frackville Energy Company, Inc.",Schuylkill,448.851,271,299.267,315,545002.329,274,4853372.464,,"PA
(40.7817, -76.1781)"
50888,Northampton Generating Plant,Northampton Generating Company,Northampton,173.596,302,142.078,341,379068.344,291,3192663.672,312794.83,"PA
(40.6917, -75.4792)"
50900,"MeadWestvaco of Virginia, Covington","MeadWestvaco of Virginia, Covington",Alleghany,,,1254.854,202,,,8175451.365,,"VA
(37.7997, -79.9946)"
50951,Sunnyside Cogeneration Associates,Sunnyside Cogeneration Associates,Carbon,,,,,,,,458044.79,"UT
(39.5472, -110.3917)"
50956,Resolute Forest Products - Calhoun Ops,"Bowater, Inc.",McMinn,,,41.659,357,,,383657.383,,"TN
(35.2964, -84.7569)"
50974,Scrubgrass Generating Plant,Scrubgrass Generating Company,Venango,1116.681,217,547.173,285,782628.465,254,7354190.416,,"PA
(41.2678, -79.8114)"
50976,"Indiantown Cogeneration, LP",Indiantown Cogeneration Limited Partnership,Martin,479.528,266,805.919,250,830493.288,252,8178343.236,,"FL
(27.0393, -80.5144)"
52007,Mecklenburg Power Station,Dominion Generation,Mecklenburg,198.913,299,593.652,277,420298.372,285,4096477.868,344244.2,"VA
(36.6009, -78.53)"
52071,Sandow Station,Luminant Generation Company LLC,Milam,2263.373,165,1510.995,182,4722065.139,117,43383792.575,4807115.65,"TX
(30.5681, -97.0614)"
52140,International Paper-Prattville Mill,International Paper Company,Autauga,,,920.72,235,,,4454485.556,,"AL
(32.4167, -86.4667)"
52151,International Paper-Eastover Mill,International Paper Company,Richland,,,169.096,337,,,785392.632,,"SC
(33.8872, -80.6397)"
54035,Westmoreland Partners Roanoke Valley I,Westmoreland Partners LLC,Halifax,22.19,321,92.972,352,63130.946,320,615309.945,,"NC
(36.4364, -77.6167)"
54081,"Spruance Genco, LLC",Spruance Genco LLC,Richmond (City),310.914,282,1319.107,198,940064.214,244,9162454.994,,"VA
(37.4556, -77.4308)"
54276,University of NC Chapel Hill,University of North Carolina at Chapel Hill,Orange,,,82.057,353,,,817649.8,,"NC
(35.9069, -79.0617)"
54304,Birchwood Power Facility,General Electric Company,King George,215.119,297,228.896,324,,,4816757.249,501383,"VA
(38.2667, -77.3147)"
54556,Ingredion Incorporated Argo Plant,Ingredion Incorporated,Cook,,,380.056,307,,,7152404.797,,"IL
(41.7775, -87.8233)"
54634,St. Nicholas Cogeneration Project,"Schuylkill Energy Resources, Inc.",Schuylkill,1230.092,212,212.711,326,1277540.311,227,10482137.646,,"PA
(40.8222, -76.1736)"
54638,"Domtar Paper Company, LLC","Domtar Paper Company, LLC",Elk,,,270.407,319,,,1240695.178,,"PA
(41.4908, -78.6767)"
54755,Westmoreland Partners Roanoke Valley II,Westmoreland Partners LLC,Halifax,7.407,326,8.679,362,10920.778,323,106446.94,,"NC
(36.4364, -77.6167)"
55076,Red Hills Generation Facility,"Choctaw Generation, LP",Choctaw,2799.379,139,1986.913,150,3574039.25,143,32942196.95,,"MS
(33.3761, -89.2183)"
55479,Wygen I,"Black Hills Power, Inc",Campbell,343.12,280,592.287,278,919488.452,245,8767065.189,788704.96,"WY
(44.2862, -105.3843)"
55749,Hardin Generating Station,"Colorado Energy Management, LLC",Big Horn,209.121,298,185.15,330,483941.378,280,4621073.17,392351.51,"MT
(45.7578, -107.6)"
55856,Prairie State Generating Station,Prairie State Generating Company LLC,Washington,8630.585,55,3547.349,104,11467828.908,26,111772257.275,11438268.82,"IL
(38.2792, -89.667)"
56068,Elm Road Generating Station,Wisconsin Electric Power Company,Milwaukee,617.156,258,2217.76,140,7976861.468,61,76081153.768,8338123.01,"WI
(42.8445, -87.829)"
56224,TS Power Plant,Newmont Nevada Energy Investment LLC,Eureka,115.869,307,232.564,323,993318.449,241,9491962.987,994072.6,"NV
(40.7458, -116.5297)"
56319,Wygen II,"Black Hills Power, Inc",Campbell,239.906,292,236.682,322,902316.708,247,8603309.311,808470.59,"WY
(44.2911, -105.3815)"
56456,Plum Point Energy Station,"Plum Point Energy Associates, Inc.",Mississippi,3038.017,132,1674.307,171,4788942.434,116,46679517.475,5013006.3,"AR
(35.6626, -89.9469)"
56564,John W. Turk Jr. Power Plant,Southwestern Electric Power Company,Hempstead,949.185,227,688.151,265,3737365.472,134,35634704.877,3984200.95,"AR
(33.6497, -93.8119)"
56596,Wygen III,"Black Hills Power, Inc",Campbell,231.692,294,175.905,334,967612.082,242,9225958.723,903793.52,"WY
(44.2892, -105.3795)"
56609,Dry Fork Station,Basin Electric Power Cooperative,Campbell,911.843,234,632.105,271,3096027.907,155,29519699.179,3113897.13,"WY
(44.3901, -105.4591)"
56611,Sandy Creek Energy Station,"Sandy Creek Services, LLC",McLennan,1841.656,182,936.442,233,4457291.54,123,42562003.696,4138097.72,"TX
(31.4753, -96.9564)"
56671,Longview Power,"Longview Power, LLC",Monongalia,2097.954,172,1562.547,178,5137716.763,108,50075229.008,5867981.32,"WV
(39.7078, -79.9588)"
56786,Spiritwood Station,Great River Energy,Stutsman,17.24,323,288.612,316,576798.391,271,6177452.003,,"ND
(46.925, -98.5)"
56808,Virginia City Hybrid Energy Center,Dominion Generation,Wise,107.665,310,1053.914,222,3652601.428,139,35572584.587,,"VA
(36.9161, -82.3381)"
880028,Procter & Gamble Company - Ivorydale,DTE Energy Services,Hamilton,,,36.57,358,,,729245.254,,"OH
(39.1756, -84.5022)"
880039,Cargill Incorporated,"Cargill, Inc.",Montgomery,,,31.067,359,,,189303.8,,"OH
(39.8242, -84.1747)"
880041,Ascend (Decatur Plant),Ascend Performance Materials Operations. LLC,Morgan,,,563.815,282,,,3425530,,"AL
(34.6339, -87.0244)"
880044,"Lafarge Building Materials, Inc.","Lafarge Building Materials, Inc.",Albany,,,502.144,288,,,,,"NY
(42.4833, -73.8167)"
880052,Lehigh Northeast Cement Company,Lehigh Northeast Cement Company,Warren,,,1070.412,220,,,,,"NY
(43.3064, -73.6208)"
880053,Union Carbide Corp. Institute Facility,Bayer,Kanawha,,,138.363,343,,,931177.34,,"WV
(38.3844, -81.7764)"
880079,Tate & Lyle-Loudon,"A E Staley Manufacturing Company, Tate & Lyle Ingredients Americas LLC",Loudon,,,452.981,295,,,3348520.997,,"TN
(35.7433, -84.3208)"
880086,"Pacific Ethanol Pekin, Inc.","Pacific Ethanol Pekin, Inc.",Tazewell,,,415.068,301,,,,,"IL
(40.555, -89.6628)"
